"mu","lambda1","lambda2","q12","q21"
0.0868682407206244,0.400630027301297,0.581140150171181,0.189981419247518,0.268422822438951
0.00132813420849324,0.180704617753213,0.442339103519695,0.179106611391962,0.293733060502642
0.00109604942771556,0.338362852087417,0.506846857984286,0.402674798551324,0.633165431384173
0.00259710818446175,0.172457893333174,0.601040476214198,0.761273319132448,1.02333695707371
0.000824981515026347,0.149700789128833,0.622153505662513,1.55048139982038,1.99753583702052
0.00142328154034222,0.10169284364049,0.716451738628423,1.57100608883626,1.61142522389793
0.00479154775471292,0.0674059373126736,0.64846225921843,1.72789619662501,1.96636394630266
0.00795907570339631,0.0106145292615114,0.721048635808917,2.42597855310589,3.17347183437167
0.00800620996640221,0.00491273359860098,0.998745317076227,2.54287711012352,5.25812732810234
0.00431432642565852,0.0180796774014641,1.14413485817011,3.0472331041767,5.31866109129893
0.011457703512964,0.016091123840022,0.981279898633818,3.12895536509517,5.02318340112375
0.0184813711028916,0.0157358235861746,0.988994091884945,3.67714803862841,6.83020975641826
0.010597762629073,0.00458420796755362,1.08635418426007,3.92397375671648,6.96476023263218
0.00743930215802262,0.00852071960758362,1.10341806656819,4.58904082825466,9.94763965525474
0.00543584891965275,0.00691430256502385,1.18321903499151,6.00627836011409,13.9885771259926
0.00890439241727298,0.00697953075611689,1.35570769193209,6.27036303965434,11.4143421907704
0.0152125472217849,0.0109990494076005,1.00867370473645,6.67884932466842,9.67842501092512
0.00899720025660245,0.00446646958874335,0.989884636036425,6.5306231978703,10.5294254855864
0.0142724902242275,0.000959268151955149,1.05382242806127,5.73436202724446,10.406922067111
0.00897090857336481,0.00520601899421564,1.10384120743439,6.25244562291235,11.1784410189121
0.01192999696211,0.00397863171802944,1.07633641218802,6.28076741256216,11.3378810534468
0.0142240537040609,0.00395844020493069,1.2436028001461,5.5914637201319,11.496362554024
0.00254565727022324,0.00300949090421592,1.18592776354438,5.98365707388843,11.3766191630839
0.00721689572705836,0.00342940069555089,1.16393815518312,5.60175024070256,11.0314225127532
0.000672606839970198,0.00369572978169266,1.07336980483479,5.74084000619538,11.0654182470481
0.00491098994501202,0.00217100171420307,1.23528184864655,5.55909202682055,11.7948781963454
0.00628439052439632,0.00800816030440014,1.15101404228475,5.85251188671737,10.3769103376211
0.00971013284370851,0.00106882599251722,1.12291235100706,5.60527777622975,11.3727926936948
0.00274067498258687,0.00320680009997117,1.1951817286243,5.81359192525745,10.8786570945771
2.91500883598906e-05,0.0040373249369103,1.08954253331549,6.33808985032849,10.3505802225874
0.003194082169102,0.00416813147167472,1.08410419925713,5.22717397993631,8.55767999767264
0.00306733995411516,0.00334886969775345,1.07626274476365,5.03430622027362,8.89292817058599
0.00662180159598433,0.00326591545798381,1.07504478056581,5.34641150797599,9.10249002076311
0.00133116160049287,0.00432132021131193,1.06445630078131,5.01526728708179,9.16819516041873
0.00124089309141605,0.000990944139222327,1.06223183400676,5.45263051514395,9.13162008779226
0.000369835616578587,0.00188016694354703,1.03145109967804,5.54141808154874,9.58074279002948
0.00211939202114849,0.00548194098604036,1.01069004877964,5.68649455731653,8.5759007356403
0.0061212981459107,0.00606692164896994,0.942652715981881,6.06962261059619,9.2243540858192
0.0124893299725214,0.0054921546633919,0.986292025253571,5.49933978206776,9.79924099945028
0.00400877235426612,0.00230639118482993,1.03462915116734,6.06826770169666,11.4429575489511
0.004401666450023,0.00041994108544808,1.12428850262412,6.82785252195707,12.8372691536981
0.00244984647978635,0.00127194699337608,1.17726826809533,6.80607267454525,12.6179476571458
0.00330387594190121,0.000771970586750816,1.16379310230573,7.09116438202819,13.1257980065609
0.00501088306973139,0.00204092748649025,1.07187824340386,6.73933695474898,11.7950385227057
0.00322835562454827,0.00449749071157779,1.08630248472537,6.13583710163893,11.1515380803219
0.00501953343606508,0.00775961534566513,1.10846904037361,6.16759046193273,11.8473449598721
0.00171476910937326,0.00195130559349207,1.10104490052582,6.26652553501791,10.3240527630291
0.0131792121167709,0.0024566762491556,1.0250056351662,6.3503626788819,11.6240763041164
0.00671865739272096,0.00489978667613847,1.17179382621413,5.69421844651376,11.5854972448115
0.00174829316418341,0.000226207251988683,1.19119585564399,6.25934521086899,11.4367708140688
0.00496171748278884,0.000100391193020993,1.17558435996296,5.57746974587169,10.2866593802517
0.00179935941599013,0.00086336464692889,1.16047054555829,5.31146352884651,9.17611759115772
0.00784375655904274,0.00130556001992662,1.02794554194562,5.29357427784534,9.18103002060226
0.000113674311418608,0.00059051359804469,1.16388790227466,5.14222139871971,9.42877856737024
0.000307768523142319,0.000563600391162226,1.15398730135266,4.84461686963597,9.10368714390344
0.00102832194639421,0.000580965748395588,1.06915591655178,4.67475646448703,8.89980979777894
0.00479742869697243,0.00228655157024883,1.19546335756022,4.53304279630065,9.67709929707481
0.00314228312955403,0.00395717185830422,1.20541307146371,5.15322816755615,10.5076541519272
0.00554263342908108,0.000883448141790068,1.18582357957735,5.71214762061827,11.1408355036299
0.00422055327701543,0.0023036520863665,1.06097744100234,6.7730705753966,11.0221026767993
0.00336816823500071,0.000880789450386951,1.02185164392861,6.52157411161537,10.6795039558895
0.00512412354895103,0.00164266944343029,1.04378066647626,6.54930397793138,11.7064877818451
0.00801059323303965,5.07128799756699e-05,1.1024358394977,7.50579590160149,11.5100808385872
0.000636226022957755,0.00010920419653086,0.966392943832556,6.7800885909962,11.1464739099723
0.00614200326792843,0.000112736171114221,0.987984315065332,6.93032503787228,10.432017171301
0.0126463650595647,0.000743819258092302,0.996459513696679,7.42890695326761,12.4293114431314
0.00281633124311026,0.00519373846583142,1.0112942021623,7.44632554149633,13.2396491837755
0.00515594080478646,0.00536683708608469,1.02078032089293,7.64252559575569,13.4212082069914
0.00306044823071018,0.00286451455821601,1.10435127571014,7.01665842766175,11.2692457199644
0.000718938641115129,0.00783641611919163,1.01433504655365,6.74564391211839,10.1088871904265
0.00238160631080324,0.00756182064924333,0.91966095746324,6.38966542558521,10.0677729597862
0.000110207721089117,0.00271120098775383,0.948087014655727,6.34175385005549,9.99357036893139
0.00400479627971556,0.00400396014951397,1.04689590169894,5.60117264377661,9.65182552156853
0.00331151800948183,0.00280573354462984,1.06471061385157,5.60946322148302,10.1425178914412
0.00028651693014462,0.00341066462335992,1.15292395013372,5.68360643237466,10.240834069169
0.00276206416779234,0.00453218854983051,1.12369248187649,6.17967020566212,8.98071673206134
0.00665546347314218,0.00286362768578492,0.895193476657191,6.49155693388369,9.74935044554143
0.00312169306683214,0.000273874526839814,0.985145035371695,6.21298196659249,9.97749451632556
0.00049684645107889,0.000625246118197505,0.942868079443894,6.56978392394897,11.2300305915153
0.0175099957021223,0.00381540491992069,1.09663803344048,5.91505972929868,9.45387935779464
0.0238944689617964,0.0039768126672571,1.12305345204834,5.12745572561967,9.33607268125226
0.00403252351691045,0.001978685566399,1.02853328291369,6.12584369844395,9.46750643617881
0.00639580333457795,0.000508715761126632,0.927460307788513,6.37529121311649,8.64552875446563
0.00296771177557646,0.000599810680491304,0.944357029082349,6.25339295664138,9.52592006647278
0.00519961997308249,0.000189667615691089,1.05822472359222,5.05181423267617,8.58782759079402
0.00150609571192222,0.00403163269546192,1.0369581713738,5.07140227280835,9.50023381731887
0.00111934212854608,0.00304246306056781,1.10600733562869,5.49837731944593,10.3665315178364
0.000176517256465684,0.00151528192696971,1.11980134269657,5.90002221722793,10.8414238260734
0.00884128594530526,0.00366586088766956,1.13288247721569,5.57656828718933,10.3307562894329
0.00202888976344772,0.00103379694857815,1.04082762586252,5.73022271655242,10.4539184263117
0.00398774781635361,0.00377981802179005,1.12321648879647,5.38044528090137,8.93025205891127
0.0109199234237263,0.000558495863301379,0.926924257446911,5.34536761007945,7.35122261756579
0.00953608065287657,0.000173694107174925,0.859164449526827,5.28564177718687,6.83211042337598
0.00420447437218098,0.000228322478135404,1.04452289718475,4.38625679639841,8.49044039218234
0.00448260431415035,0.00028640093061986,1.21161291218445,4.65580481641406,9.35754076462718
0.000943938548471488,0.00229295500429544,1.21813235982728,4.80903068870258,9.13682055055643
0.00052857677471671,0.00263357151110429,1.15666591235816,5.05958679654588,9.35380125419715
0.0013891179775015,0.00157255811519097,1.13555441782051,5.08765584411236,9.09914563248413
0.00286538483675195,0.00408557537442658,1.06979647018103,5.75531592424164,10.0000017886191
4.08995120023563e-05,0.000244291474630096,0.987447354695271,6.41328164038033,9.86986112642581
0.000434621450146435,0.00677488171720895,1.0120381160192,6.58880857253676,10.9006941868133
0.000655103237291565,0.000382692996100975,0.980001805399684,6.73925502708163,10.2470301210875
0.00361681920121295,0.000146667169954007,1.03034890526551,5.40508309884909,8.5607512721787
0.0025631318280148,4.63271816319144e-05,1.0264540406944,5.31595268150441,8.45654579698991
0.000205063712525005,0.00302834342793251,1.02420411336709,5.04414572282194,8.3296914116431
0.000396175495814378,0.000364358183638153,0.982268097636615,5.3200730683232,8.81094448682367
0.000786040159540651,0.00139609936635213,0.962490791877437,6.05610579517055,8.80698885065019
0.000879468210998109,0.00112670387485366,0.991881487615111,5.97693706172835,9.23639260949082
0.00230175634623099,0.000219828282411919,0.99053874144745,6.0649237631613,9.13541320194006
0.000145653393902193,0.00149516439607974,0.971424850099863,5.30795950733848,8.3805192450013
3.48376759271675e-05,0.000598035781441923,0.958093082784256,4.84742123458179,7.69681504442037
0.00137393572891447,0.00070733779541799,0.938802512381738,4.94677414686334,7.39837154796028
0.000231671537824866,0.00383426235999809,0.966735110701435,4.81334748333938,7.64587416992204
0.000529366360046332,0.00464783386951652,0.981692968485318,4.94240812380485,8.42358882379399
0.00146189756130351,0.00186709911979365,1.14222757768883,5.03956306945383,8.26519195133501
0.00293147008758865,0.00197861924928792,0.959963249220241,5.57678688607029,8.43731110999159
0.0179763262329196,0.00138606930593503,1.05023008824832,5.05785806643369,8.37019084341484
0.00632915562878445,0.00485256164934603,1.03449808307092,5.22407983992656,9.6065442032985
0.0108707760687516,0.0069979159459079,1.05110364781906,5.18876715730352,10.255743843444
0.00973433064333336,0.00882290571584321,1.16279557508395,5.85877579571155,11.1472669364292
0.0116777936713177,0.00374407271579806,1.1199277375746,6.14524214683622,12.0906350213907
0.00790762228058364,0.00197609965366094,1.12931086350622,6.06082813480459,10.4665020088269
0.00873623258926511,0.000101090907926211,1.11192342937458,6.31511180463062,10.7855776214111
0.00883149734332651,0.00223675456123493,1.10700598970002,5.92644510801696,11.071298390559
0.00475310771843609,0.00106257747138096,1.12938047205976,5.89432796101392,10.3826120686038
0.00427586049202133,0.000693159173567377,1.04885039219758,5.9356486600592,9.52954576739769
0.00245239029829316,8.46420017606972e-05,0.978468429586071,5.94577955047146,9.14820236213456
0.00337893584512501,0.000384711178336185,0.9805180955444,5.66919265884543,8.96138213867272
0.00602921463440648,0.000349240593555894,0.976525122950598,5.46987177768359,7.64839906374875
0.00335880772304487,0.00200384060070384,0.989223082894955,5.2916213645284,9.75828556124072
0.000817514100365794,0.00048731775037934,1.09737368963708,5.7841690996346,9.64331848939252
0.0030370365927616,0.000581946395188885,1.12512029147268,5.35590678068446,10.7078685275868
0.00311767236541889,0.000160354892300822,1.20532726240151,5.4682953539344,10.310153332786
0.0214436143845987,0.00059291536126304,1.15498160645983,6.26699367235811,12.2179622533711
0.0047865271300125,0.000694327880746971,1.15651359499981,5.93564343965077,10.2447864974363
0.000140084251752758,0.000835120970628584,1.103452754112,5.70811967552104,10.5724127031931
0.00116846525332142,0.00235081476234781,1.10338510390622,6.00425631183868,10.3404512735675
0.000412870490171496,0.00296325688822101,1.03400158896689,6.24927951813679,10.0086797653269
0.000508896463874617,0.000340970367139263,0.975120710177937,6.45295446272012,8.86274973899473
0.00104148426492427,0.000848388345634488,0.876933682783354,6.40968521973969,9.43326591132555
0.00106603959619991,0.00145444854065596,0.997510087495863,5.56136456491345,8.08240196519139
0.00131490803146478,0.00131592817760965,1.02210156228971,5.71852332945634,8.00707114735226
0.00234281329894187,0.000106920845290881,0.945079649214887,5.97450509697085,9.19394491860251
0.00191480236560633,6.49219464780226e-05,1.04208474515504,4.98029543395972,7.59655490094135
0.0127467226790006,0.00149400858699374,0.955084848531991,5.11295436329094,8.00877755844447
0.00317559193571856,0.00495509870403351,1.0562012630342,5.00551453704832,9.08547473783115
0.00747731092545336,0.00334768387482876,1.04878749037672,5.14913896520281,9.41385997789037
0.0165713643202678,0.000175198594427672,1.15702947613851,4.69838736115614,8.56985880065766
0.0300932769481144,0.00176873698381404,1.1139540887813,4.75078864707424,8.41946709332991
0.0254384225968864,0.00172497554916713,1.10772917923827,5.33874722688456,10.1018373816412
0.00359159893296254,0.00385687972045386,1.14428444568158,5.2410048591159,10.1258310782243
0.00547672440875113,0.00272740391140303,1.18201785342206,4.87969827793536,9.1296198369921
0.00672002121949083,0.00273679201572446,1.06836583527281,5.82253922197965,9.10744423903384
2.76991963827531e-05,0.00067565582723331,0.952295831558401,5.62942498458547,9.1878802624517
0.000854639307685874,0.00217649677652411,1.06039799101666,5.48203068577845,9.39410855127357
0.00096490427885338,0.000242866948121494,1.05592708294444,5.09970461509351,9.05311654247202
0.000818113937784455,0.000301316700685649,1.18739056655175,4.66591478886243,8.4648651594282
0.00504950009973631,7.91736519112732e-05,1.09003134519925,5.35995110847694,9.20703217801497
0.013804414519721,7.26962113986333e-05,1.00907828005736,6.11524262463927,9.68690480098665
0.00481011005795274,0.0163647662013681,0.971798908932036,6.05107565804637,9.71147235080205
0.0147959584573186,0.00434425340935404,1.03716174370269,5.76075215030714,8.85273995262845
0.00110723818642713,0.00116626317181478,0.991189025348007,5.79898476492873,8.65328129858984
0.0144196048356625,0.00043169232596277,0.935298176299186,5.72935462417661,9.0001701646113
0.0137052186756106,0.00117196979798703,1.14967247622035,4.43228670443057,8.05128183319245
0.00619721871050791,0.000971576580033407,0.99192618659645,5.66018585715638,9.50503757489857
0.0176625063158244,0.000635950914414381,1.07032220612228,5.45861406174912,9.50923436285008
0.0122142384718993,0.000929496499657664,1.05904859282367,5.45264554237045,8.58458301644784
0.000311115260725342,0.00419818633084423,1.05772958910306,5.12754807741411,8.86102590768122
0.0029206895159351,0.00354795856201277,1.05776483055713,5.1778088804645,9.0189305077073
0.0102705187623864,0.00471312611807722,1.11925868929985,5.12719129826631,9.83913248789021
0.0138210388404117,0.000252697953519077,1.17960062566929,5.44691568389293,9.93216140276255
0.0126253819491606,0.00193114758285949,1.1809224438636,5.34052471568266,9.9868151551249
0.0179615034772706,0.000445022048137588,1.15197358183019,5.41964523315819,10.4062425660572
0.013796189049018,0.00276745672019737,1.15849814464526,6.1884706042094,11.8107997958101
0.0109909353409556,0.00293551579007973,1.16046400771614,5.92498650359924,9.7491347001884
0.0479593997685061,0.00295348252330433,1.10239823246449,6.53042216044853,10.5156127746701
0.0446237018306544,0.00636144551557872,1.10372898955962,5.62483899453221,9.34840610801924
0.0489863621251867,0.00379831906986225,1.11102862326298,5.81191179081363,11.9452079789517
0.0485960495089689,0.00145033706054243,1.28356028995896,5.79933330528004,11.3907635047021
0.0327042054537323,0.000226953695620628,1.1050943818654,7.10367090680293,11.7456978166397
0.0530700950163816,0.0012084679151672,1.09288786869298,7.10138643153817,10.9006143084648
0.0117083714386179,0.0012121325934882,0.955270437618274,6.51989383383528,9.3767239259211
0.00548270437432955,0.000234846753184817,0.969165799785417,5.34650081812835,9.08038072633954
0.0052591754854091,0.000280660116195285,1.1609321441756,4.60535080474609,8.98025524263668
0.00644228111394857,0.000976279442730053,1.11745953029333,5.26602220277942,10.0331325488764
0.00506618438797214,0.0017662090332014,1.10745933547906,5.35401909657462,10.141905610882
0.0106367442902757,0.00157626049216035,1.17610972299148,5.34994078777315,10.6563235872558
0.0073619800218763,0.00961248839580704,1.03116564593363,6.78383125714542,11.4067237287983
0.00161930290132993,0.0100995177573032,1.04913518476484,6.56696039182649,10.7829885428262
0.00364275681797648,0.00170396244233454,1.04946252644648,6.25365792122254,9.82571127535335
0.00192639145129102,0.00319718920290206,1.03672340175503,5.72552577779213,9.290274947989
0.000510573402934062,0.00684631284106318,1.01085344368655,5.42022097833039,9.03444067003155
0.00119332313589074,0.00324644251854589,1.05402046524436,5.29951061617265,8.87747037017885
3.93153763883209e-05,0.00127624428329158,1.0405362633528,5.05611642761245,9.55870162023399
0.000197985257516648,0.0004316338812858,1.06395644043322,5.03171793542891,8.29526726997625
0.0187237701382659,0.00562298691888425,1.05060113684211,4.55347803044497,8.18919207275081
0.0138374843600988,0.00448125666650553,1.11573156097582,4.53693419737175,8.68774939121121
0.00240784195039262,0.000692203248593806,1.13247271427559,4.75335119590528,8.97593379882192
0.00330035817483793,0.000762593340132093,1.13557206890645,4.53462327747648,8.34380238503245
0.00364198043048777,0.00373588799858819,1.10569473639513,4.81079826770393,8.57306031402601
0.00233127077314293,0.00102495805332435,1.09533188923776,4.67740425377036,9.13783877049042
0.00226927972253804,0.00916493336942647,1.17018195141752,4.79501529137803,9.55796133704014
0.0017499984780426,0.00404362375121948,1.2028257704125,5.67981529452106,11.236796508315
0.000450649206345362,0.00201083002550836,1.12241641833981,5.63501270215227,10.8309176431549
0.00181787420386331,0.00264492703558614,1.1421052265549,5.64342582182853,10.882064909446
0.0012458269630438,0.00114280066470287,1.12970509576751,5.488008517739,10.422777214325
0.00181849006727244,0.00292189285653591,1.11072754231273,5.63365152864439,10.6505686752544
2.6575051725101e-05,0.000177966125142676,1.10637185919552,6.20900698216708,10.4633463386027
0.00489838769767273,0.00122832763899258,1.09060337437289,5.44381310209708,10.3964254756039
0.00516641652298078,0.0011140535263294,1.09297391824274,5.69772968790096,9.40514442534648
0.00647774843589732,7.5940471494224e-05,0.939728649122095,6.13855854956967,9.42402353308731
0.00743978821350723,0.00149260250307834,0.926593006712159,6.10072031896163,9.61397950335973
0.00485205319957195,0.00647640765291061,1.04614174536574,5.43742301757049,8.64656879703847
0.00263587185762088,0.00120860539395495,1.10290430091276,4.66836161301419,8.1596936462201
0.00499167501528593,0.0128188644723332,0.976001490137471,4.58541591227934,7.44921504773533
0.00257220070023716,0.00367472606248167,0.996477719153788,4.52864754792725,7.210242383915
0.00350835772840231,0.00575574038331667,1.01990248064613,4.91899839543557,8.5690362709919
0.000858416693103955,0.000214532837567847,1.09209079615161,5.14476281764736,9.47561006018613
0.00262331355492961,0.00150607262574274,1.11833224459533,4.95622860399232,8.95021765985247
0.0128685073020469,0.00259303624823477,1.1398985238051,4.84564527721302,8.96264316536068
0.0101078755202023,0.00211408657405886,1.00718033398156,6.28968786765979,9.99621488070143
0.00875914254719715,0.00780281390063271,1.04830147054058,6.08515208210648,9.88208590084714
0.00387327867460784,0.00197808050054109,1.04830278184564,5.54230958266036,8.44323304165182
0.000813638130041633,0.00277275803226705,1.03052466556729,4.96993975216354,7.53020399888074
0.000429050621944708,0.00268178531063937,1.05477915451527,5.01395144095476,10.0463481804824
0.0040323406732578,0.00965690680448458,1.23878309055074,4.98733549636764,9.19072189703611
0.00170960168124658,0.00414942432066908,1.18332612322485,5.17370949625476,9.77724486761754
0.0023537967467738,0.00424381696577159,1.10818342646043,5.81898343759096,9.65449661886524
0.00281259401578575,0.00269416138798241,0.998245848142906,5.41458229202039,8.97313154800068
0.000677437288033981,0.0126815427688618,1.07550709418523,5.10303681433881,8.4625957695229
0.00521130529027017,0.00789023484150046,1.09291828104088,4.88420829431366,8.42840338669922
0.0040739680133972,0.00324865765524759,1.08158878190866,4.78797295711613,8.53755613712078
0.000787940433773853,0.00995407134234841,1.10417631898504,5.09903297902833,10.2883336698076
0.00513625832750364,0.0071034397897051,1.03158856713551,6.06612796852182,10.268847072711
0.000768202036704671,0.00653934975687094,1.11113987017327,5.5922356004943,9.81832545226932
0.00477519513920697,0.0012707680141403,1.03676853984973,5.77715377515272,9.73037944500258
0.0217390212069843,0.000757123616037471,1.03260780753492,6.03685371210889,9.7989955453306
0.00202451320499435,0.00127443272864755,0.9863453488497,5.89844405796469,10.1152780218619
0.00188804598579196,3.60883707647768e-05,0.992374122522411,6.49311146401891,10.0662675648566
0.00269985919904355,0.00140536170242102,1.00046024549587,6.63291909907781,11.7612052764382
0.00982595316677507,0.000735388890175271,1.18177551725243,5.9478455432203,10.6107636019856
0.011102618160142,0.000630248575755637,1.02773909996121,6.50829363167066,10.74787036728
0.0115567457590399,0.00159593790367011,1.02907445315239,6.81359631702624,11.0001527632389
0.0132617269228842,0.000378367051618315,1.02393712607411,6.14565689064882,9.82262969881186
0.0193851951647822,7.25868785574235e-05,1.02435485938027,6.36748586799338,9.96125758579735
0.00358329694271747,0.00241315956401967,0.99444846909335,6.22316728433914,9.88128424576287
0.00294635087012161,0.00634075381977317,1.03657498490187,6.0354388389384,9.89522853540991
0.000980571787290266,0.00216777108516173,1.04128658310658,5.90755131605708,9.61908484184193
0.00281414198786524,0.0285696223399334,1.15260604012417,4.67929289487818,9.12485813646204
0.00732342245118224,0.0091559324606105,1.17862888915617,5.04880763842355,9.78949264873377
0.0179656587625859,0.00960667693747585,1.17668272173368,4.98372772029232,9.28064323653093
0.00780114947408057,0.0027660683367842,1.09809702905231,5.34804578539899,9.56112452357634
0.00503520382925106,0.00500462502350892,1.07509386585733,5.1565210043451,9.402854959079
0.00696882103153019,0.00666957327431179,1.0687916203161,5.3044106098356,9.47026644118031
0.00350660880296664,0.00452529683944746,1.13098629971419,5.26539305692875,10.1740147763108
0.0112367641020215,0.00342688920975254,1.20039501927315,5.20390626607137,11.3187025360008
0.0160093574348582,0.00494822922598767,1.27091444729185,5.23409983218322,11.4963244526358
0.00281099146074671,0.00172803195686931,1.23637572613694,5.4925186574054,10.8018533438168
0.000298435946294541,0.000441311692891887,1.22713811633326,5.67979163099686,10.8268931929212
0.00349392848000843,0.000274704798899603,1.20473593574166,6.23149303026172,11.8254369304487
0.00073921582079108,0.00191886709925408,1.23605845341948,5.73683268524695,11.9248523028074
0.000458239782947734,0.00286229450035506,1.20008426659169,6.14920009733559,12.6643276907248
0.00315507037451454,0.00316731251563363,1.21407574840292,6.16233746380824,11.4484207249457
0.0049638707581275,0.00478027464372129,1.21863609702839,5.91097358422028,12.0842419251544
0.00129460980543304,0.00262195841418877,1.08317357658863,7.03750912088991,11.7086915656669
0.00208398396051824,0.00285497580023064,0.976371014631414,7.24404632670209,10.9971077141489
0.00120221228701027,0.000977294664175026,0.997753121820996,6.49395642287433,10.5124187673821
0.000229979106072788,0.00172745557474103,1.01517832719951,6.33036023632027,10.772549523751
0.00211302442094561,0.00132063979401696,1.02679450634488,5.74275532622983,9.65056687454951
0.00674607743089992,0.00913597711980035,1.12536547777953,5.74467746184725,11.404479150062
0.0161526456452881,0.00772264204356688,1.20511911672318,4.90882186444994,11.4401885069512
0.0112073409767643,0.0062662893171537,1.24172435853186,6.25688905663298,13.3200307284553
0.00375635498262711,0.00378049506440888,1.20133417543553,6.32851475568929,13.0294854416117
0.00296983352961737,0.00280601339251799,1.19848985327071,6.19960618370581,13.4201327139582
0.00384539830530592,0.00121354180948653,1.28319420639996,6.39206979492647,12.4807547046161
0.00881019626601529,0.000106318794220862,1.06435655589706,7.01232474080849,10.899477279448
0.0149825451324292,0.000590182226126546,1.04144473690665,6.19756900651942,9.0623248494457
0.0235501386692091,0.000695472280776096,0.950088370050384,6.55400162951651,9.20614369549092
0.00230213679800979,0.000483955520730099,0.930781820651798,6.60049552438545,9.88677699384514
0.000456550102756226,0.000531730199684932,0.989396378726421,6.57823979077625,10.4315026537225
0.00440268564103381,0.000229208579690305,1.02255774230062,5.58275313946182,8.30037586178521
0.000460262079151432,0.000130753435814377,0.923512269894404,5.68551367489385,8.85893413614443
0.00118099638766071,0.000364083641376618,1.06208129894722,5.38811067878964,8.9901354425024
0.000523997335775999,0.00431011181945539,1.04773886729284,5.19994884534503,9.41130671779656
0.0137727478587409,0.00351659477087392,1.07671915069083,4.93796586009929,9.36607703812451
0.00640256652881709,0.000388969076794426,1.10098995029203,5.23102400961587,9.06563554896556
0.0218367082807144,0.00190848306255648,1.09901742366091,5.26476610475316,9.28437006905081
0.0198299622969974,0.000697155203150231,1.11910607779147,5.30772047513374,10.1001526535336
0.0147165304563162,0.000113171605001019,1.1535057009255,5.04197137709916,9.03018159012647
0.0121039451006427,0.000479730880606971,1.06548667749828,5.46755767986387,9.8936909985576
0.0127715636105742,5.35518306240114e-05,1.13994460700579,5.29732320794893,10.5095886187788
0.00504263698585009,2.94291369192654e-05,1.21264102869475,5.28081135719035,10.7178961939426
0.00231761373370239,0.000722229653424987,1.21707748164828,5.50729846098363,10.6937144947951
0.000304479835408551,0.00018761827789872,1.15811074075304,5.40846721273408,9.58871146745413
0.000225804657306434,0.00151404790712858,1.09805193027431,5.37320873122224,9.62829876280473
0.00061280224485956,0.00146021655435409,1.10580596360447,5.86857266146251,11.218103695047
0.00533605635584416,0.000537245814151264,1.11354857321453,6.05807277193902,10.2683039615777
0.00663033428238482,0.000779133872705894,0.984661931512843,6.31974020210703,9.13357578040183
0.00853357511879406,0.0014634486882041,0.942841535576437,6.3086226622728,9.97666928414508
0.0255074448385016,0.00356068783551225,1.02621706576152,6.2521609070372,9.60700723729306
0.0171296974841934,0.00187119866167483,1.00047546793352,6.28369614250705,9.63121846153666
0.00560941140719944,0.00161294106216839,1.04040944819042,5.89308414614352,11.1647355391019
0.0044576235091116,0.00297212600146155,1.13982170300197,5.67954967855796,9.59541852584374
0.000265867497423787,0.00724434330483507,1.12468218553022,5.70527094053623,11.041436473043
0.0162677859555303,0.00365259547790829,1.11476382708888,5.94689117423314,9.71332693416193
0.00489422324426713,2.07072813252601e-05,1.05095019737753,5.20578144205814,8.36783427502528
0.0205431774593445,0.00134820122342941,0.951469188641048,5.91261010914189,9.31696920929645
0.0192883273860117,0.00317620639729612,1.07844333588545,5.71912234876384,10.2303382108954
0.00228179069023405,7.09045531103067e-05,1.10044632130751,5.69805927862638,10.7772875893431
0.00646505248975892,0.000196841604860181,1.1569454197351,5.61390170254038,10.2971187741065
0.00546120432576096,0.0092429332740972,1.00035341284121,6.48139176763884,10.8857586101664
0.00530198164586022,0.00501532807359443,0.993094962204501,5.94274265495419,8.61339249411018
0.00952084352386033,0.00277696293987816,0.998567514833079,5.20211540827818,8.32568771480934
0.0166645601819774,0.00163116658242184,0.98407722155619,5.25585957808178,8.49679249194802
0.0020661791055561,0.000852209868692166,1.06055980558541,4.92573012294715,8.85628184345902
0.00196307924844144,0.00075844681965959,1.10392189764893,4.95374914840331,8.818755680992
0.00125817881905583,0.00612308747161083,1.1337051456037,5.12687871071171,9.71666871585014
0.00208195476039397,0.00289680360613639,1.17890304285173,4.91829236768951,10.1176091205894
0.00755285551003976,0.0012541906764187,1.20748076524268,4.86742675448261,9.49401765704217
0.0186849571767624,0.00122246012141608,1.19312390179056,5.11398826356799,8.83498411577859
0.000683989146899207,0.00558424379981425,1.19789418654199,4.85639046050485,10.427786266147
0.00442461539529756,0.000795590385832374,1.27493360406238,4.84091673023936,11.0664484007984
0.0073920385670427,0.00662916644467704,1.25499051689136,4.42360902329772,8.93965140951465
0.00352440347311197,0.0055411147784725,1.1789644761853,5.24736617896955,9.27936477043458
0.0159087130122031,0.000385991327517297,1.19936144281207,5.70394628211173,10.0321843529963
0.034835762250225,0.00197964716157403,1.02644359601315,6.47663134448479,9.54641113885725
0.0116198464819291,0.000515528611851086,1.03035861837834,5.02371320775959,8.1028128677425
0.0140904960591148,0.000106150808604823,1.01169957247335,5.3049488869441,9.16228012327351
0.00770055535353005,0.000108527093563091,1.07305157786894,5.48831405406271,8.84077612898559
0.00231351174014729,0.00180603490771853,0.990035441070367,5.86573920436596,10.0860700065154
0.00295550837845541,0.000975673388559538,1.02982153839199,5.63531032082455,8.9110285600531
0.0128675924178955,0.00194611324969004,1.00093781535466,5.32569135906005,8.04363443217008
0.00739916756360726,0.00485617519973885,1.00214786543127,5.20371713902631,8.45359943181975
8.53020660778284e-05,0.00492567405547981,1.01617680496257,5.44229221222068,9.0547976358012
0.0043301784390691,0.0031852443623028,0.96563597119293,5.99555994425046,9.13074791869912
0.00387781367853357,0.00499139563809657,0.958077868790652,5.54636643565887,8.33395424423966
0.0242289512447397,0.00122545868793148,0.949153940044016,5.63476561471813,8.14631900013651
0.0201889203871647,0.00230036574195595,0.964471293206644,5.95609929502003,8.14218710860465
0.00765226413936903,0.000670290187286487,0.944637204556443,4.8670403768456,8.49746971236769
0.0133673374545821,0.000832359473660187,1.13322631959318,5.40722837575324,11.4606806375947
0.00432017291166971,0.00260871931873886,1.17056711361697,6.35805206393436,11.0794882737961
0.0178034468983517,0.00175325550859627,1.04089874303776,6.82946720925704,11.0838889073044
0.0155083500420613,0.00202032159665647,1.03550060086165,6.94033118586845,11.4688271585316
0.00216100995931593,0.00571759018889122,1.09476119438508,6.43303718993298,10.2060236341814
0.00428547460654221,0.00503294283385335,1.01721925693498,6.26159653666287,9.86950203258424
0.00774180940428043,0.00476791713394522,0.986072280370597,6.00252615490786,10.4840046130001
0.00596445903600462,0.00277817177083952,1.04586299715553,6.11411003836269,10.082953913591
0.0056774055767818,0.00196659511024333,0.970162464981713,6.34063252393207,8.98627937377623
0.0143081245390189,0.00374869075194907,0.952362624096198,6.02646207419274,8.69849936875708
0.0187188840834619,0.00391342095067313,0.952157889960096,5.98405568435451,8.45464362078861
0.0106619577094093,0.00293156437458413,0.977620714190966,5.07957096235196,8.3294024999201
0.0188277287262195,0.00281921259376495,1.12403924491777,4.66192659736448,8.55968726458435
0.0268687232367488,0.000591627630175356,1.19640219278826,4.60596044158527,8.1405850147381
0.002129634284788,0.000495117929126256,1.21013920170277,4.31103959965484,8.26506977076824
0.0256797315836652,0.00118891928999773,1.28711779501272,3.97743486882431,8.54823619420822
0.00558211179393252,0.000113454033509806,1.11853395255266,4.08140913224091,6.46353526173502
0.00873418859491291,0.00224829816209354,0.998404223396095,4.4693544442318,6.21236345816747
0.00334950637240913,0.00179766802904352,0.935564711337566,4.0518507159269,5.80935471847065
0.00104607399470988,0.000529692840374537,0.938435733897268,4.02272448058198,6.64982149625472
0.000382352344279579,0.000124805930989736,0.959381745920089,4.00969937713599,6.60466139126844
0.00197843087639535,0.00616918986820699,1.12405547822776,3.67608802546529,7.38733535857215
0.00227083687108389,0.00254843094305507,1.13412027308849,3.91556602365209,7.85828243211187
0.00893125282900595,0.000587425553234083,1.1790319807281,4.67735240623144,9.21761802123423
0.00802453000516547,0.000506877729766279,1.13475795842856,5.58706921516707,11.0888338967276
0.000313840320251344,0.00257285970085538,1.13542346449463,5.34937923975078,10.3233023651925
0.00428958134785373,0.000493993235789246,1.14981062907296,5.69773195355317,10.1908159351902
0.00166834998953927,0.00401349292247434,1.06306694109495,5.92784588804586,10.2462108922599
0.000872119674399148,0.00270738755366125,1.08323856554719,5.48475607877714,10.6729989601707
0.000504997055784445,0.00154750305373713,1.19291277749243,5.44380703620757,10.9274490531942
0.00395426219881087,0.00206909209112892,1.20210959257337,5.73579196265111,11.3001261677535
0.00674948226208252,0.000776398593879242,1.1523827841869,6.24472295568469,10.8170529487798
0.000660231857800541,0.000259595121845301,1.11802514362989,5.96913974784459,10.618362253847
0.00485105390466713,0.000123760403014393,1.04337351762658,6.10088919248576,9.84362889392158
0.000505781983077539,0.000737612988191066,0.997936750885599,5.90915016162925,8.79627316639615
0.00130521942878335,0.00316808237742517,0.918019108769451,6.11871733743163,8.68206136243355
0.00169948753937737,0.0045596683367035,0.879823708307023,5.87088533655148,8.77998409362447
0.00149178905631527,0.00342698674686218,0.977471897676184,5.30582952689701,8.71312538825577
0.00206601867887875,0.00126127975548797,0.967408265006802,5.12528927162611,6.94427919003782
0.017599180272119,0.00279592665693377,0.882581869499777,5.04560276130759,6.80793359794324
0.00272990264255276,0.0160396655528635,0.948342635343268,4.67938612915863,7.47455856541773
0.00356536628796879,0.0112865059328762,1.03405324281235,4.81514667762207,9.21792651654822
0.00942997881114559,0.00451443884748143,1.17986286026663,5.02957990593674,9.71288307628264
0.0245536672955798,0.00327909749649083,1.15221059775103,5.64748397406485,9.66815605352302
0.0183302327506008,0.00104689997426992,1.12458493081976,5.27918439228756,9.58943459752617
0.020198251005721,0.00100671263492351,1.08611106914005,5.22480169553978,8.91833880066541
0.0257849840853121,8.22730295497981e-05,1.07134928935256,5.24555768010184,9.31415995408451
0.0211712432132891,0.00968829300071945,1.09155222512334,5.56628636627435,10.175537619159
0.00249149206595698,0.00999403253267657,1.09598200082491,5.39094879055893,9.94337599480194
0.00981629627446597,0.00521520767888793,1.10276891560485,5.47666934944256,9.75024460896519
0.00505018762596045,0.000159544164196376,1.07534180063916,5.82254364198571,9.72356200905186
0.0022726134170353,0.00518766634608891,1.03715618353594,5.3246596482723,9.30576697883255
0.0067937377108231,0.00366417275670709,1.00772540757651,5.49334945468917,9.06205516470682
0.00801058415928271,0.00755533966148746,1.00368370314336,5.61438970311174,9.66761814266529
0.00679463363540573,0.00555066224834918,0.954088400939689,5.41048767274806,8.93433383991096
0.0043086525099775,0.00115676490200624,0.976112856419967,5.43040325047078,9.45308705488306
0.0143463742182561,0.00018705015308299,1.04763744479955,5.9908159775343,9.97083031533382
0.018586144911077,0.000461880725046352,1.0156653523003,6.05012212966371,10.4752640676042
0.0159441344609224,0.0013499390047109,1.08437776331915,5.95066056440387,10.3226824906478
0.0122347364465566,0.00144198144512945,1.09850472604875,5.91325026950324,9.44172825532329
0.0137181556313276,0.00412529711595794,0.917852904154177,6.91996816582503,10.4400023921236
0.00988534147749987,0.0051452954965469,0.985859311390858,6.45450929754815,9.58737659887777
0.00269630987301149,0.0084817767767685,0.972311935187602,6.51696712400234,10.3254859633791
0.0187413198026421,0.00679415468330709,0.955963080960059,6.03466003400694,9.20530359889855
0.0173385768319045,0.00746313746168117,0.932745804679969,6.02456854063507,9.16787606829102
0.00923897847164144,0.00643184540185544,0.936969784959666,6.16290970345449,8.38149400430056
0.0159791310959898,0.000795976752257235,0.929480403193193,5.798168092778,8.39072957637044
0.00586136728729568,6.45168521367553e-05,0.951012837449108,4.86669225715851,7.93498147257859
0.00625907770691429,0.000749588481186176,0.970817808741723,5.15332935172883,8.15297953763301
0.00779982825555028,0.00208727741489048,0.994982563512945,5.02817535188946,7.74925343423249
0.0043275710707644,0.00493115009581071,0.929443240075049,5.21366728301422,7.59395414717051
0.00389893058291382,0.00609243743841642,0.933015412885252,5.53798797651456,9.4866756851368
0.00370887001079287,0.0118848522518789,1.12784286557577,4.89760599227711,9.6418215840638
0.00504737631405574,0.0147722212427733,1.06504334967463,5.48989060718163,9.2823852012914
0.00706479094881891,0.0022329203610469,1.09663726838784,5.3085690248718,8.96886973185952
0.011024548279657,0.00445960701735927,1.08979895019451,5.05991102834943,8.75592031239582
0.00283933596644414,0.0028985320617685,1.04218404649623,5.93429318685795,11.366984630735
0.00916167204122982,0.000422658939548427,1.11194004953972,6.42181378609614,11.594354549223
0.0158041649162468,0.000585056563808283,1.07901547352,6.91064833413923,11.6029312419721
0.0153319957744274,0.000260725608738347,1.06856679241636,6.01455829601848,11.3352961184007
0.0155923605915774,0.00162297421191147,1.16792074591384,5.79564561631644,11.294317996131
0.0161832753920601,0.000568124196766232,1.31673314283404,5.41911084110024,11.4881989273724
0.00935964111423121,0.00112432520715489,1.08116267502848,5.39396376440408,11.2585331066528
0.00393944690534814,0.00107475393525618,1.2928009076397,5.82079050641614,12.8879815051348
0.0042017673377134,0.00124517928542205,1.25674004936917,6.23288234883952,12.0136379741614
0.00561634311126328,0.00135212297670798,1.04700140097505,7.25223866735618,12.2207762221822
0.00626296944130484,0.00376306913576682,1.02066953567024,7.43211530732955,11.8342332600166
0.00323975508861339,0.00229229263382714,0.972300794377735,6.84478113828938,10.1300004324892
0.00311433762653833,0.00155048934284954,0.955813446820307,6.1237016234618,9.82603862602423
0.00455285426572998,0.000659683760476138,0.965939486915674,6.0688016278699,9.94287602370764
0.00323320353954725,0.000432339560004316,1.09694692264726,5.17209905531486,9.42060530791218
0.00372150185275738,0.00390821037603168,1.07800385935931,5.6341980482102,9.11690199910822
0.0205202978667123,0.00454878600834836,1.00160396458486,5.73979956372431,9.31459429324764
0.00788539243363577,0.00116743595332567,1.08661871059719,5.29341070611872,9.10215016988695
0.000450852384778978,0.00237135661725705,1.0774811108594,5.15827721616266,9.33465323466067
0.0121792730177095,0.00339342119912845,1.11495909397629,5.02443624854104,9.79575509440744
0.0206990115540258,0.000311986296965949,1.17348526395065,5.41687822256253,9.47730801047416
0.0204631845499918,0.000100078806170356,1.02225070078767,5.62696953590975,8.10860220508309
0.00155457733208156,0.00313417583807862,0.867518964148106,6.11872741447778,8.23100493059153
0.00275293389350909,0.00326270934910006,0.836549023556503,6.08171529446745,7.75370345033642
0.00189069279421522,0.0022459406424149,0.888674704341448,5.51935117562,7.64020454512846
0.00452024398685432,0.0062676064372517,0.899865398166931,5.3338252870429,6.43563422702189
0.00425479429757584,0.0077921909158442,0.896374790625216,4.9417639438274,6.90763241147559
0.00451605294204101,0.00710653566903112,0.927934107108087,4.68368822304069,7.38941695174021
0.00508935375378469,0.00219446695812619,0.912083020980875,5.37775743650741,7.27626507518826
0.00194083342446472,0.00140337009448888,0.93794370237061,4.69138959949374,7.35773760475231
0.00801720513865638,0.000467639826221252,0.937654883640569,4.5563434938947,7.30647761629907
0.0130942892566496,0.00139505567003218,0.991476412755021,4.41684569688983,7.44367415573461
0.0088256385927859,0.0115229474820373,1.0723656512653,4.64480922800055,8.17471856110742
0.0114569976977276,0.00517579309015722,1.05286576634697,5.17372810427146,9.60804679872481
0.00457064164707471,0.00284224073726664,1.06378414569189,5.52588572316358,9.61049753519719
0.00442733189929113,0.00287000334826558,1.13975478538586,5.23199472966366,10.155981719019
0.00629744012289826,0.00109390765051572,1.12197827357689,5.24260391382676,9.64144661602577
0.00716962479468043,0.00117488970482508,1.07826609772936,5.35195748781961,9.39718975591486
0.0101997214925692,0.0010750717151672,1.04937920381451,5.61027275411822,9.16303964680074
0.000123425711224595,0.00234446032719483,1.04170767468393,5.28785971239619,8.71249763410551
0.00844455525627336,0.00289967823451023,1.01196831307843,5.01743348903442,7.72477121984337
0.0088931259297714,0.00311346371059968,0.938639509245131,5.51183108549053,7.64284991130915
0.0231415235770078,0.00164301120658403,0.976630160350937,5.5661167514422,8.67931108346891
0.0194679292729499,0.00356223040674215,0.920301737554353,6.00869016334135,9.38817588316959
0.0180877919476489,0.00224787283081497,1.0243341496585,5.68213445211916,9.21591106157501
0.00989233365310325,0.00423919957298017,1.04098440182658,5.93339222048565,10.0079162852627
0.00594521460719298,0.00336544925074579,1.13896133930277,5.68870506822892,10.3810148309542
0.00553813042097719,0.00411667889886156,1.16621083533356,5.53882750650697,11.0414810369814
0.00246433122548111,0.00386266022241792,1.16326131745285,6.1554768354708,12.3546218192762
0.00302146592221987,0.00807507715037981,1.21551374570455,6.43669628226958,12.4147106837624
0.0153679533592631,0.00540816042492855,1.18127300156012,6.35679770648308,12.1793248085448
0.0147329783583022,0.0102208718415319,1.11808581887518,6.58102178052828,11.2292122646138
0.00985432622461374,0.00345840600223139,1.04383596991894,6.54815114147324,10.9900041561011
0.0096109692202854,0.00392992494206095,1.06349385045243,6.18150652546729,9.71312444129924
0.00179413409220786,0.00384032481449055,0.98953394339122,6.49352121164385,9.7387331948519
0.00175925098814307,0.00418908587758496,0.981204369856214,5.81711027398842,9.75147930168512
0.000660856606122201,0.00566486938030742,1.06075846508067,5.25817223817903,8.98644237132361
0.000856838571384091,0.00124801753816653,0.999122421580739,6.32204280530896,8.54071628773202
0.00543252605538199,0.00497972278931147,0.923561263773993,5.92509937639409,8.48918477663355
0.00261147499114405,0.00687092258406464,0.960325270918136,6.01160916555352,10.3069061696102
0.0068506860986205,0.0081518006052408,1.14602888870221,5.65531884398922,10.7531998438856
0.00180304082878987,0.00822569380566908,1.16270419072343,5.18658010344632,8.75394153754247
0.00226696588170561,0.00202841861073658,0.960432669628112,5.88457890166581,8.54653178019811
0.00184740763648562,0.00437269973588372,0.988013835412719,4.98012927299821,8.26026998268797
0.00444015716511733,0.00284589433573062,1.05136031845891,5.00909474964758,9.1040566919314
0.000866206262878015,0.00336830811895564,1.11124175394301,5.35242470035283,8.9323988046811
0.00471997401584877,0.00106989054720083,1.02692983020139,5.48133649521461,9.16206857720821
0.00632802194218394,0.00373252356929243,1.03143628025672,5.42219918538057,10.2466992308496
0.00814579415756167,0.00503823550720646,1.1104665193925,5.62088682865896,10.6688741048442
0.00761693772342557,0.00552427660623001,1.12465813786389,5.85653401778943,11.1002163597027
0.00891844404648046,0.000254167915373368,1.08257286640754,6.60619264149324,10.2562066278065
0.0077156346192133,0.000790441554935806,1.0540952113065,6.50923768943417,11.7140691483261
0.00480841560264944,8.9665872923082e-05,1.11152530866331,6.3381723189646,11.4248327851896
0.0128817204701348,0.00335870728868727,1.13050317693576,6.62198195386461,11.4286442081579
0.0108998308693555,0.00349003320003925,1.15877919716431,6.0998379556813,11.4196584899258
0.00583565534314464,0.00237320815591622,1.15409132875198,6.05250855858652,11.2408820424974
0.0230259697679141,0.00183908092024175,1.0992623504321,6.59628071862415,10.0678315585691
0.0142575974759491,0.00269764014984873,1.08693055845646,6.53148225758367,10.6633343423463
0.00999693814111803,0.00460185508089249,1.07480060536193,6.5150389761492,11.5750789343591
0.00231127408622801,0.00198899663126516,1.09713639112146,6.87044127366135,10.5177972910962
0.000251290196422869,0.00199206947255038,1.00937947265255,6.12795219491454,10.0643996923103
0.000224158422550002,0.0055751889491811,1.01464729086437,5.85877006144433,9.51753017663608
0.0019908202033512,0.00610114703764169,0.966742208001981,5.77012920978834,8.62798108790701
0.00154886473470358,0.00207369166724101,1.00277660099797,5.01474920127716,8.77056107462084
0.00641566113130818,0.00627795547486238,1.18040100776418,4.77121324657234,8.95471910464165
0.00573388876123521,0.00564790381008342,1.06857615046933,5.35015853457347,8.63281678014374
6.21689066779699e-05,0.00777352191307859,1.05732494075131,5.06364252194956,8.08278748883805
0.00331975850914323,0.00081764310951221,1.03539036032188,4.800352680711,8.22103544070325
0.011680603963258,0.00255659745554658,1.09106857496689,5.00272738921174,8.78986235373763
0.000920319808758687,0.00513078230829682,1.07673899697723,4.71355630795656,8.57837103112711
0.00736090448140156,0.00495142775031588,1.09575342896062,4.52519891963807,7.69562144429533
0.00112520659645213,0.00296722068890378,1.0805956886303,4.61457530480189,9.15488858210033
0.000138843469064787,0.00790703654231831,1.18077078149903,5.00158987880224,10.1465468532122
0.0111888603200581,0.00144986444302756,1.1607020317136,5.80570279933983,11.1745878100183
0.0137888664983622,0.0025651459833867,1.16605807606483,5.31069757055031,10.576097576195
0.0119866977740263,0.00337857048080011,1.10566117712484,6.00386523864547,10.5993712278643
0.00723293924859789,0.0020515836001245,1.09324065393122,6.05284628494958,11.403761046203
0.0107050959696294,0.00124912760679977,1.08741256170618,6.42467639073113,9.86555460696835
0.00389710613830882,0.00198900398209567,1.01272646523832,5.77417972883525,9.87045401330833
0.00259391243249966,0.00162663306757788,1.05043749337854,6.08798295901472,10.6692465668852
0.00232698968073414,0.00358906694239484,1.09892944562087,5.94133461582789,10.4797220248106
0.00569172395904197,0.0120942681767184,1.17285784877801,4.97069597653428,7.98107058711639
0.00283303147728806,0.00444145527730912,1.11128303654253,4.69522969512995,8.74288136342829
0.000997490112673012,0.00118486052926591,1.06400119290006,5.35726539055322,9.63280928752405
0.00622813852390126,0.00272763339624403,1.07710108360207,5.36257617790688,8.54778160143663
0.0123132373963024,0.00314419854906188,0.950875827960131,5.30102861379709,7.89139209292836
0.010851142819247,0.000261783367753754,1.0339117172612,5.23703556587424,8.49445569702431
0.00212648912684152,0.000248962701907546,0.97173285144313,5.46613354129221,9.09152664101735
0.00420024703332991,0.000698639589403906,1.11841781655704,5.56528587892521,10.6219578399049
0.00614432317729912,0.00221810349154653,1.12831983773956,6.03121322460342,11.6001151331892
0.00322529043864922,0.00181312334157178,1.21346556036592,6.09632678562765,12.0460555874468
0.0501234950301117,0.00497468652688037,1.25483804261177,6.41656065476117,12.5934913686668
0.0259459416060112,0.00158544629257865,1.23427870166353,5.88934303051782,11.7930603376316
0.00359216700476051,0.00735352510424576,1.21341346295828,6.06512661569356,11.4510968486547
0.0201728253101583,0.00204752617234425,1.1579000674961,6.06310989090349,10.7759705829203
0.0182019388437193,0.00378543094044717,1.04294152556265,6.30442641653857,8.55102009961864
0.0304777961338075,0.00135503332233545,0.904108734536103,5.52515688330672,8.44207620581163
0.00317477801867502,0.000891679956381737,0.924164742179508,5.98014955969333,9.52002509410975
0.000303280432694303,0.00239396627052419,0.843581773108341,6.12062572363569,7.2006040593378
0.00359653136846965,0.000437576278035161,0.866807791170886,4.57859585514969,6.43080862744535
0.00318698964184495,0.000194955756236239,0.867625397546527,4.5955590114527,6.87095413350324
0.00227543913005576,0.000434915126509576,0.993045544726415,4.5354735114275,7.48362249895886
0.000776504158117304,0.000852693030386633,1.01324594003077,5.26599068484627,10.1129046491436
0.00260151592891105,5.16120616885308e-05,1.10125245508666,5.70179501965489,9.94606198674241
0.00102593610423222,0.00776968715294769,1.07257254159823,5.59475236096612,8.59882468754599
0.00771209386815418,0.00280892884994991,1.05825610598763,5.7401748750285,8.89667399671102
0.00866734510350288,0.00822661082597248,0.917610435731159,5.39221276914894,7.56009113932224
0.0285217950629128,0.00762115719227851,0.977168559422352,5.13773271477974,8.01973107414516
0.0162200875684733,0.000154275374751075,0.973484824497067,5.25954960858642,8.41335901295962
0.00746727907259381,2.92685968386542e-05,0.977642108036976,5.56278778672411,9.63942414363111
0.00811008137439018,0.000730493888350154,1.14403141597549,4.79897177316392,8.64677403188884
0.00383662861316333,0.00127335379469021,1.04872460774171,4.8762670427482,7.68164624748213
0.0197136893590926,0.000829808809952447,1.06731190003947,4.1600936167329,7.37777856932414
0.0145904408778988,0.00236495374707899,1.02742215995724,4.76492754117729,7.21512755085175
0.0123345852271297,0.00384562517875904,0.985258698789191,5.04538701082723,8.66205554231462
0.011641056690696,0.000673327394087314,1.11975081521435,4.80746285025293,8.69587977704187
0.00843034647927637,0.000109224363506944,1.05303962342789,5.3824087245323,9.76874805599046
0.00432260886456236,0.00134674962217564,1.06132297123857,5.36083988009987,10.180488456579
0.00329926610776633,0.00306665306835789,1.07673361913812,5.55942731120659,10.6383823888173
0.00144828185398904,0.00200088751945077,1.09113477582623,6.24675231929994,10.6356004859117
0.00669655909054617,0.00197645598461163,1.09136995503259,5.8322435942491,9.72715177010704
0.0118329193976537,0.00154157010275094,1.04561796996261,5.85586919812611,9.87898761523664
0.0132499736931197,0.00150768044705867,1.02551758206296,5.90730361840813,10.5118680344965
0.0126351119403757,0.00123346164925094,1.07600506725224,5.91528118598843,10.2619855574386
0.00237558448599363,9.14494576408679e-05,1.05102130807858,6.45772833985234,9.90648200151712
0.00202958775208584,0.00140072524843276,0.935416718385331,6.3778637361123,8.83982696545512
0.000561101011873577,0.00241967886478837,0.952952826638399,6.06147751839522,9.46744763616674
0.0125958780067601,0.0031747277955307,0.990759370625643,5.87523926094796,8.91781134859422
0.00345599610031663,0.000487173169985704,0.998030142757566,5.70055753033394,9.32013404721158
0.00179184276717243,0.00458459023308413,0.964060101295415,5.42918845446567,7.37717609459298
0.00592057410733261,0.00339874745516807,0.933258839341061,5.58208520890931,8.5078849259554
0.00479866350064381,0.0031768833258003,1.04037370399743,5.31123947104765,8.15377185822228
0.0033281324545916,0.000129029888240717,1.02078861815746,4.76450981611726,7.71408530698207
0.00839171784681528,0.0021760820149749,1.04760991178858,4.66824598486875,8.22949589324233
0.0113766057463699,0.00274099095274385,1.08959292524878,4.96663955896147,8.41700240474675
0.0214092562511271,0.00436727744264708,1.06689875273161,4.88629196043112,8.39255567284782
0.0100232182399742,0.00333684536182248,1.10759627453096,4.87865686178193,8.65112103236389
0.014422688048534,0.00160706492770841,1.06246483593858,5.51835700275431,9.30874640228888
0.00153744578391936,0.00110362731986766,1.02592466239893,5.33526283932905,8.50518416291986
0.00187072760853974,0.00332698957173634,0.961872813138098,5.92199080006274,10.5651732208668
0.00319950005189061,0.00676168063856923,1.17484030231232,6.06779223994407,11.8154655565037
0.00248535194112512,0.00564723576131857,1.0981296323289,6.41525862049015,11.6705933692825
0.00336291433142477,0.00052273948793434,1.09772889044341,5.86849201210075,9.90923925000198
0.0192199632214062,0.000551524366933854,1.05908767795146,6.06261911657871,10.2782511775592
0.0241640877321406,0.00263426276402121,1.10215657922268,5.96326235258253,9.67524858272329
0.00681462558405843,0.00328361177058878,1.0950309752713,5.11078167958417,9.54246331273272
0.0136090004135615,0.00577849801070918,1.10335274616743,5.7542698657629,9.55072934913143
0.032877062728713,0.0118801876768824,1.12520960269983,5.47051279079401,8.99704765748858
0.0329751782530904,0.00553968967806599,1.11180463453813,4.88539097565115,8.63180523159493
0.00856149519613862,0.00457698436949678,1.10833338202967,5.03882852885761,9.3517219901881
0.00244796289819121,0.00332351551600396,1.0663661341046,5.68028887421713,9.16135366031479
0.00233799555963068,0.00514212081848853,1.1473595006143,4.36714629912638,7.72630798982967
0.00704380423953657,0.00537002724831251,1.00830114864988,5.10425667967536,8.08991424636038
0.0076736803615981,0.00160105914038059,1.00564922102045,5.12248388179467,8.21535645135732
0.00713482601503155,0.00244880544636086,1.00054524265192,5.33363386571811,8.05517994739997
0.00168750942415409,0.00173611440749965,1.02672484119427,4.96210828937994,8.81343027000972
0.00425116486973938,0.00203973639754483,1.13734699364756,4.58800759475441,8.92434717115671
0.00443965711486361,0.00218913952640366,1.06745127234892,4.9435821296861,8.13654823331162
0.00542256736271284,0.0039383292257541,1.06112515184255,4.57990184527993,8.12128912503831
0.0109085154563381,0.00534140633871388,1.17069854849636,4.52035935566271,9.32330729798414
0.0119296885098412,0.00200777771095605,1.16831918854977,5.20990021730284,10.8782643777984
0.010214718935729,0.000745236152782401,1.2282681988492,5.44063847645628,10.2546490286211
0.0122205187574815,0.000770109232415772,1.04533491570417,6.13540148363179,8.84436414597691
0.00660697680383651,0.00251440968903249,1.00870256979464,5.1101903207672,8.44215008194693
0.00154754286377433,0.00167713619419728,0.98222204112726,4.90111326357137,7.97294402207718
0.00542208402975124,8.78010870669218e-06,1.0261535460716,5.0326741030422,8.13514149006267
0.0219017743833395,0.0049648090020142,1.03299422097671,5.06823637624428,9.69283056309257
0.00260890670710108,0.00478967206695234,1.162480899091,4.99298783633083,10.101327575092
0.00429554894963663,0.00499931834375729,1.21277529667441,5.06592303569585,9.74173873364996
0.00176063805952025,0.00371723749087119,1.03038046933028,5.13002767615032,7.59400896257647
0.00349437377153177,0.00327060309906022,1.00284564856726,4.70128534772445,8.19508286537528
0.00117520556012734,0.000285232686559219,1.06577789567434,4.76457018187282,8.24056979333908
0.00263007099701952,0.00728828241129614,1.07558048792022,4.78958404512452,8.30901996769232
0.0121152615275707,0.0090001923302925,1.0449115483471,5.42519262521396,8.27346135653777
0.0160335717262,0.0130979102879391,0.931305980627317,5.77130207750729,8.23502568925021
0.00325115078815839,0.00428714337994193,0.940422438002548,5.62759313770642,8.38431616338191
8.26981258482186e-05,0.00442798488029635,0.98066184546628,4.9677386464192,7.46502127208155
0.00122322148784437,0.00386572614854962,0.930269711818754,5.22121244702623,9.1305367146932
0.00068438542567951,0.00826021920255625,0.980613968270107,5.1945294375638,7.89963541495022
0.000486874431132769,0.00374677755669226,0.94058354300253,4.91279013644968,7.12447373519619
0.0124279469361646,0.000507055764013064,0.981962668689483,5.06073233003324,7.72392211525668
0.013716056451664,0.0087779089209309,1.01850308137421,5.04939918599618,9.17619386141499
0.0128194488144602,0.00878661706353994,1.12877646334927,5.50556980709141,11.0549653599815
0.0113072868706244,0.00382226512957562,1.19203586668952,6.26550374863772,12.1283206492896
0.0193370743668143,0.00280468067114931,1.19512969909481,5.79456902420251,11.6159617237515
0.00933368323060767,0.00305214230938228,1.19564364803128,5.8551818794488,11.3507480963919
0.00281824812503296,0.00474324047899239,1.12118791201048,6.45484731584879,10.9475486374314
0.00652133175129733,0.00562598720997191,1.11894691829035,6.53695683419796,10.5953512972075
0.0124975746132033,0.00461405056809603,1.07336581754895,6.05463205888959,9.81926799764953
0.0146011225021534,0.00472950350519565,0.997252461038768,6.39202330453413,10.6863029517092
0.00172595577078666,0.00148461082867432,0.943632364304455,6.66437083665673,10.8013688569747
0.00214260933740106,0.00187190873854774,1.05699931699741,5.94554650384393,10.2231005955812
0.00380072666488596,0.00223857955757639,1.09600192957092,5.90636766608601,10.5972415407873
0.00315427083636173,0.00677553116323048,1.11746654594908,6.01369971758483,10.58990039036
0.000723523785326736,0.00456907858153263,1.03331900375614,5.88859418546578,10.7921956285122
0.00562860832637219,0.0057037422990238,1.15783606526477,5.86194156831859,10.8873521628834
0.00254192971799869,0.00648106917958772,1.15668647812829,5.52168068755215,10.1751068750604
0.00650675973565385,0.000529317540443089,1.142124962594,5.48106278235008,9.59365079262321
0.0060534965675065,0.00149224300561073,1.09314479960134,5.35628342966464,9.48833950955731
0.0054543516805876,8.12412498920407e-05,1.05538488439715,5.66359348793429,9.28201623471969
0.0148855196933977,4.01578261088893e-05,0.967207846236769,6.32489521015784,9.81446519425654
0.00702683843482578,0.00190658689382148,1.00931497850025,6.27961746865301,11.2921135972864
0.00394453652292793,0.00104504852648227,1.12759554630754,5.62413088534924,8.94600164356225
0.00665822359728148,0.00238919929098921,1.0613702125188,5.12175929709303,7.99122097717182
0.0241400081285381,0.00293949845837733,0.985280684298948,5.13274907107103,8.01477607410916
0.037130357693749,0.00840057119278327,1.04384992578984,4.75262004412349,7.84546660051265
0.00327074772709112,0.00733182591185747,1.04077836302698,4.80068659964587,7.85759990919896
0.0091251776063432,0.00387592827280289,1.05894265491316,4.83108833382929,8.09908668705558
0.0047082309647869,0.00533106935896008,1.08571606547513,4.58362412065649,8.0135542034108
0.00428846743344532,0.000719619159876273,1.13847957325256,4.71651224338441,8.08891350928037
0.0121349940234013,0.00177546592060098,1.0585514605531,5.69285065343595,8.91288808582625
0.0205218082753156,0.00250698881092037,1.05279080237392,4.918084557522,8.30755582417636
0.0181913112776261,0.00738507967738266,0.999688050180107,5.93350205326444,8.62870977824278
0.0131905161507373,0.00873000442833541,1.05304980504456,5.72426258275723,9.5171130623734
0.0171219968624097,0.00892729725747969,1.06285432483369,6.03231343968277,10.7552658988228
0.00668905835636359,0.00605231125913863,1.09214525592275,6.0415861936423,11.0561269547856
0.0049455341521039,0.00607867991601471,1.10898652080016,6.07421901746815,10.4576724926541
0.00165132495397066,0.00126790860777598,1.06118012366889,6.39870611665933,11.8437604141021
0.00116856728200026,0.00116951651546763,1.05474429197104,6.69640112499869,11.3523013243052
0.0109586858577321,0.000291290276764221,1.07838111882256,5.99104141174527,11.3928515024549
0.000240339256821615,0.000380638130169781,1.05710057609295,5.98039007202935,9.30683873366289
0.000526897594037732,0.000138828464404463,1.04829565931441,5.68365645145279,10.0813905508789
0.00130617364253325,3.38662081017117e-05,1.0468637164441,6.00010636627887,10.2847965685789
0.00470413999155331,0.00192561157731922,1.03858204426462,5.96118748809423,9.24543048046985
0.00489375187439255,0.000497795886709478,0.987061206123454,5.7954015214049,9.1930079314216
0.0111918517650211,0.00271659845733159,1.03114925917416,5.68021429404404,9.17046703545478
0.014711481321925,0.0028020474331264,1.04107326681717,5.82460701376919,9.27012496542287
0.027761768490768,0.00160881896463338,0.997356427923304,5.81705921334002,8.59730437615057
0.00337721825849171,0.000322315592048543,0.984473616517566,5.31926779499997,8.52856101499041
2.74800995561912e-05,0.00253548106442089,1.03601252613043,5.92933081886519,10.0890736509914
0.0021294641972904,0.000239595287553083,1.01580536019206,6.20177042255897,10.0107241079545
0.000504696543008742,0.00199493344146135,1.07933343693763,5.66994616318917,9.54268817683637
0.00114832449161856,0.00208259471298321,0.998629581830868,5.62148859630762,8.54586515422865
0.000289783066771192,0.0015409668197091,0.983678695543431,5.01721347713331,8.15776004750871
0.00595632365974786,0.000859835243546391,0.98462425524952,5.32027164077104,7.87664810793132
0.0398761368572807,0.000354490821584403,0.985077601589796,4.99128036106654,8.21580396747806
0.0414135949682103,0.0027182367577611,1.06779110727801,5.24982471564536,7.96885578093708
0.0202677135930738,0.00125529243118009,0.927255591238285,5.36337735653607,7.08671949050978
0.00953674147110751,0.00309213448407609,0.970255859939224,5.26801190581856,8.44583092854947
0.000261509488125286,0.000572106172023902,1.0400911631791,5.25786786083627,9.4081782469678
0.00362376732016037,0.00167743489471377,1.06211600903793,5.05790029768396,8.09489479373798
0.00239371432086158,0.00274183322207668,0.960917509214769,5.74640757759998,8.84408070162528
0.000886225174104978,0.0015989228330136,0.965876075772162,5.6422648454003,8.22224931140239
0.0199064724627073,0.00266244298874654,0.992499600803403,6.2287401027024,8.89249148230312
0.00970818996412187,0.00518698645524429,0.897690969632879,6.43836271655525,9.32003482604643
0.00483764929605468,0.00147760726108658,1.00493718699107,6.05698462470798,10.0502829101054
0.00266323027529881,0.00162855298405868,1.08155518329404,5.70362277356391,9.46541803966273
0.0154783942382507,0.00029690115130064,1.15930809103202,5.95546371575896,10.7584715865832
0.027732742899379,0.000437913702208037,1.00312842987329,6.18030791699407,9.28102079087865
0.00522640346351724,0.000723738405783133,1.01660223296417,5.20656887827442,9.15465418326665
0.00353249387759778,0.00471816691009082,1.00877211077768,5.41147405900062,8.92832114485089
0.00627420846651388,0.000225392839026031,1.03555876817465,5.69451636874723,8.85903142062968
0.00172156785556921,5.42530216251327e-05,1.01639826767989,5.17786511678306,8.82439059015384
0.00351182127557202,0.000151067768530867,1.06890816187885,5.43119083807601,10.0686120537205
0.00445158743007324,0.000211750052219082,1.00519409116233,6.30145028427162,10.9218037880121
0.00486872853941989,0.00056888959176068,1.08665009362166,6.20288173591473,10.3245503163992
0.00177699266687864,0.000434904164792773,1.00564892752162,6.49082010302448,10.3099074295817
0.00016494127644746,0.00109336274867291,0.998636021331208,6.69881769877173,11.4800260357654
0.00750310702349735,0.00242212738279752,0.984656503180463,6.89660580221318,9.83777015303282
0.0181569327397364,0.00246923460903255,0.935663084357871,7.01371753679343,9.75752570732517
0.0165563583883953,0.00181890752052095,0.979413727266631,7.00653044528083,10.5064988236038
0.0208196555632636,0.00159079299650223,0.993148896313175,7.16995809648676,10.8959916117231
0.0148543091185181,0.00183553860646119,1.00681640889875,6.55552214733453,10.4139019478673
0.00709366257165016,0.0025189352923701,1.08921339471017,5.15671816347702,10.5621880716274
0.00617572852193299,0.00260720460034545,1.21176354924889,5.35956630119708,9.43285226179205
0.00173124293527053,0.00203619120692339,0.979260150952623,6.38958860531004,9.42160986971979
0.00410235777175648,0.0020683958337655,0.976186786271616,6.35067833999658,9.65116018501979
0.00137434999792848,0.00322822119385973,1.04198425046568,6.52757701992543,10.0610642442753
0.000485431287251595,0.00368023741121767,1.00680517708833,5.8235587111415,9.04195041747701
0.00598816827800752,0.00348927180592751,0.933364467201308,6.58223812656189,9.44278788961314
0.0144897625114344,0.00120406565363498,0.925595357773992,6.38940727066727,8.9008755793126
0.0114457393376188,0.0010724776231352,0.957964498767124,5.10812314164481,8.70687498755583
0.00848945354658491,0.0106252221382583,1.13256217437868,4.65334711346459,8.35335732314606
0.0141322474992868,0.00202743401381902,1.03592251651992,5.07044837746453,8.28528153912966
0.00439811520221095,0.00338180749913903,1.04016545032313,4.84563181537121,8.44788190878798
0.0100581059613284,0.00411922195112034,1.09415104693383,4.81291213970448,8.80935560649131
0.010321258503042,0.00429967683853729,1.08012886513736,5.16804474530647,8.74704763263334
0.012302006705524,0.00703591872212695,1.08284465996133,5.3274566022111,10.1185006722143
0.0204709094527596,0.00224221472391765,1.10259995683811,5.35074456441766,8.55552619422322
0.00430092863638755,0.00129185228152231,1.08325317549139,5.05586282952537,7.75353928946699
0.00462514553298334,0.000411036438311711,1.01357465995227,5.23621829413269,7.37268368725474
0.0030847338518409,0.000657043920017815,0.950011435825286,5.33790765997287,7.94086060056272
0.00506294017585964,0.000229345616845462,1.05579290761549,5.43528468239782,10.055101301969
0.00236835156721988,0.000982930510108313,1.16674685045578,5.6738119106893,11.4372362683253
0.000171886639009379,0.0081587851826491,1.12247084963447,5.49203316962016,11.9862461302156
0.000502452521249962,0.00696354321535752,1.15439396283732,5.31118865312678,9.19548860729727
0.00571162082466798,0.0056842366076218,1.0328002153165,6.13367946610456,9.90092454240977
0.00776581105990466,0.000879614199843363,1.00325267779617,6.00662427257416,8.93931258263766
0.00252369716241097,0.00572609189579702,0.962858014789166,5.46988706082707,7.95345178376048
0.00302166129234515,0.00699881373111709,0.906039279093284,5.30270119106067,8.04133541592493
0.00160351960420644,0.00359038560065434,0.929917208117782,5.22851358849787,7.80846535683706
0.00305478782638396,0.00654972437819611,0.978101650015536,5.02613155209001,8.19902522163285
0.00195644552409462,0.00741952441024724,1.07055793055493,4.66255870219793,7.92689772969353
0.00609638071040533,0.00925218726248658,1.033160015756,4.48630327004887,7.56575600567922
0.00972840012922697,0.00765602298119951,1.02607660140071,4.62330442445967,7.71466604054074
0.00468109145693633,0.00119217119708223,1.0142270988756,5.10802875008397,8.63197149491969
0.00509449955635954,0.00146760504554254,0.984625396558697,4.66925729546659,7.03146438246693
0.00543971077571734,0.000987525056111753,1.0373573507223,3.99942029096149,6.45448944910224
0.00993754179677473,0.00188048352871482,1.01747196694312,4.28076071586423,6.56075826945509
0.00539194270956273,0.00100744494544187,0.957545260508072,4.65843127985448,6.64185701410081
0.015279632194767,0.00776380151116487,0.930122305156552,4.51984405871484,6.64311845211957
0.0135650173638581,0.00627049411956281,0.996117275889852,4.47288822429858,7.73284252041664
0.0136253985640563,0.00843713835038392,1.11602538291785,5.07499521389276,10.7199355851178
4.12822396342949e-05,0.00754904634811966,1.21358602923654,5.07376657881928,9.56468832150747
0.00470542281548335,0.0075348416279235,1.18572872603084,4.67702662284941,8.92897831981715
0.00021908225394204,0.00022710078251823,1.21172038526322,4.43472629516796,8.52691259801819
0.000921379800369854,0.00108305233069591,1.05082140481147,4.44185420229511,7.27288921052106
0.000680355404056923,0.000299402098691528,0.942108143319646,5.01144864467384,7.28470957922265
0.00198680495124846,0.000132580411990967,0.944022619364122,4.85504182369939,7.27559161107503
0.00112022072467905,0.000295636428314628,0.896371055526054,5.41399037812866,8.06509534423687
0.00796327415555449,0.000770948827405617,1.05540190265322,4.43714482102572,8.06854996728227
0.00360001789225249,0.00520595063504974,1.12097170658469,4.5683117420793,8.50258165193237
0.000866499077224461,0.000593056245303416,1.07274989140223,4.61337577926099,8.66491413495499
0.00541126275720543,0.00088479924924057,1.01659395662771,5.51347529308043,9.05337016104716
0.00209519184889954,0.00130713716735453,1.00555241692954,5.67488915889312,8.60357214633371
0.00195872994038495,0.000450452838896971,0.994947254913678,5.02573377496547,8.77466299435721
0.00104632078024313,0.00204886037961762,1.01474972798533,5.40584176124057,9.11079039475547
0.000492867298973482,0.00284489553292148,1.01480108826573,5.14691436031817,8.30543920588346
0.000308878465057821,0.000606590093319658,1.04329618443041,5.30957845595649,9.29216709178539
0.008540007588483,0.0012960919495999,1.14558693863688,5.40699152715488,10.5577423999053
0.0132973662872064,0.000827437406539348,1.17434836759208,6.0290296592003,11.887135329001
0.00551051862965484,0.00085366802820988,1.11113617027246,7.51288556995446,12.9790389571312
0.0119160967792416,0.000435128561630595,1.12920107669846,7.09115065600368,11.8163885351709
0.00531608426850976,0.000667744477869365,1.0257363697211,6.5869661267422,10.9499587855275
0.00560161096784572,7.26332758599421e-05,1.12753018579494,5.43721898574257,9.95733832716673
0.00804321152952905,0.0001723102118068,1.08291167259264,5.44617127232398,9.56028257575549
0.0133065381574053,0.0032168198044763,1.09401774231252,5.34758808674435,9.21763358199872
0.0113259215889137,0.00324576322081846,1.03908180872279,5.95584030334051,10.9464318282427
0.00527504703740049,0.00293092468186112,1.1054517606163,5.8266693630829,10.2459367482176
0.00105729482850289,0.00180186225594727,1.15682843936435,5.75096548450316,10.9870687135214
0.00249468524334224,0.00208481128084347,1.04653956524016,5.6737611199184,10.1134718003978
0.00215621950302791,0.00238735954392393,1.10763177359756,5.30963857294197,10.3847412010991
0.00127041064747105,5.1891332661958e-05,1.08795293813637,5.46953004465351,9.00205434512912
0.0256927441450106,0.00304130873847593,0.972930820149366,6.21744167141458,10.0068567518946
0.0218621151506872,0.000199253702426668,1.01534769010339,6.85263708944274,9.94065654468849
0.011708650025635,0.00115264460210402,0.903685222718008,6.72247167113864,8.410158600706
0.00257787119302786,0.00159057438682736,0.891950677425492,6.06742742485262,8.21004954287908
0.00020730844502224,0.00865818872001759,0.910702534675789,5.59349331196537,7.94158937297887
0.000357327444627488,0.00834312380780856,0.922140999968426,5.64272381325392,8.68156322035664
4.86266728678693e-05,0.00265902815670211,0.981967893595533,5.35450758326007,8.34111731955507
0.000294688439918477,0.00297391751189718,1.00751226039806,5.57970160505352,9.35611467007273
0.00722774550085466,0.00213245547736393,1.04987846217421,5.82337438239215,10.0536585761207
0.00603562697644657,0.00351829528574832,0.978521998039387,6.49407175205901,10.4198710819679
0.0118830615473607,0.000316302379800931,1.04504736311436,6.53570568933404,11.8452123963712
0.00690360955374855,0.000507635495773226,1.03995012275535,6.32025015992604,10.8188677710919
0.00622147725564501,0.000443689018286308,1.06301615564301,5.98079610437984,9.2065441824548
0.00183335727541598,1.25960043440529e-05,0.932768561272987,6.0967393807611,9.57393945222616
0.000688618777056051,0.000716566846522218,0.94574542212118,6.16913271458103,8.82758444296242
0.0113677341604556,0.000160683108029138,0.946985088692203,5.84201580421282,8.04334515780257
0.00311828093404793,0.00259718505936549,0.996627441952587,5.95715554123959,10.171853169613
0.00281540822562697,0.00238750075388738,1.07011171606625,6.16069243179308,11.6173827555501
0.0103320295804058,0.00291902042456811,1.15655787410757,6.25602297096488,11.5734904793096
0.00176617305678915,0.0027155471155541,1.09386283979907,6.57297212707785,11.711429127539
0.000856290102942624,0.00680776920762226,1.11532815532155,6.42853231106859,12.4203486869894
0.000705415573080937,0.00560257078095011,1.12513900106961,6.59329687811409,13.028790534225
0.00900893037710843,0.00170976681130481,1.12290497474561,7.31754727366355,13.6422318788414
0.0176475722761932,0.000381047144950809,1.15536423972484,6.77965660070315,11.0239001321775
0.0181805765741025,0.00234657708143548,1.02596519301369,6.73687583653503,9.79757686892347
0.0119542269418678,0.00281032737542191,1.03718510638517,6.57100931278676,11.405465691589
0.00217939659861764,0.00185591542597677,0.993331117508897,6.77926243379027,9.60290049249882
0.00461845521297733,0.003785660645966,0.966693742061298,5.98870485488572,9.2657571949588
0.00893048905455647,0.00155238215758167,1.01798439146469,5.28819053017781,8.95505819749663
0.0078655728019711,0.00131527375538686,0.976107986292735,5.23355475542957,7.66872537881712
0.00442004459515553,0.000329857027664245,0.98388261080061,5.44715159116203,7.80907933391275
0.00508371797358026,0.00505006086615825,0.9131030746162,5.52664725242448,8.52826046625736
0.00164651871487426,0.00287076027009388,1.05660480641612,4.50825892730881,7.87933004510587
0.00256786612402063,0.00100423496861397,1.03396241117177,5.07019501445332,8.38999300871974
0.0042975602129783,0.0022487780011169,0.941123889658592,5.93453651932517,9.39071592411956
0.00351558219096908,0.00625594040547392,1.02271255121557,5.59544665865117,9.41509930745697
0.00230508769234758,0.0134208190327529,1.04076533965193,5.50685726004086,9.24722072810864
0.00359996211568782,0.00928969990551894,1.09805170283938,5.48238948572319,10.0688868956045
0.00500954191498155,0.00990734338079524,1.10834690204971,5.1502993222839,8.59519736085796
0.0104771586437221,0.0068875394163938,1.02089260924795,5.10313240919629,7.80774699327313
0.0147633067748947,0.00676416946072774,1.06656236933731,5.01795726471016,9.18583599653804
0.0134107523884895,0.00537167158729496,1.02457112735424,5.36904930759143,8.23433791137078
0.004361114237094,0.00191722387083197,0.948457396489234,5.12754870944578,7.50459117256887
0.000972153674043959,0.00126670579358416,1.04222442688666,4.63593265020671,7.80571186869256
0.00101794677847852,0.00642584478416636,1.03779065955552,5.28574401003687,9.0089614760564
0.000797880622200314,0.00882600166345549,1.03738905032246,5.51186595091974,9.57233500613081
0.0011644691291583,0.000420889898710766,1.12481466846766,5.44926298808685,9.62328625113075
0.00407900570515421,0.00191916007056368,1.18977982491224,4.65407856099395,8.64642602448293
0.00274088603638376,0.00133831716060223,1.16684343117259,4.89873615554178,10.2136211431207
0.00237241837802712,0.00173820963401748,1.20740259180832,5.41127729876542,11.1670360042335
0.00440582773633717,0.00284349875368284,1.15898820196924,6.22763681243749,12.3870484883519
0.00319195722038722,0.00278012969003954,1.12086520376675,6.89794449968839,12.5120001909359
0.00332218155065498,0.0141588786823825,1.10738398213965,6.57555728020967,12.7053008339404
0.013570065855879,0.000150511343644825,1.2075617437726,6.04887165000551,11.9458295046264
0.00402339648190007,0.000300937355383768,1.11249763259663,6.92461654250701,12.6242944083743
0.00393045346292829,0.000256381665213181,1.10818287129732,6.72443243953471,12.4517017243007
0.0148463619623256,0.00550290419409141,1.19674159062812,5.64443295774122,10.4601031728695
0.0143150902457621,0.00367642155935109,1.1103071605761,5.54055332228613,9.63377230876601
0.0100466728276446,0.00194747990159654,1.11049549795043,5.00832757562471,8.80598416185482
0.0105384235943386,0.00265802172740348,1.11441235962399,4.5963231085248,7.77684385102718
0.011986779700279,0.0003549136392592,0.968271560697636,4.83087023928833,7.76429660857199
0.00911225525741508,0.000465507736894287,0.982396293388295,5.09386778086496,8.11163823312624
0.002594671921899,0.00320893974691504,0.936460930795036,5.99770852293891,9.58404562994682
0.00670981760112344,0.000939171701791804,1.046380078361,5.30079516231471,8.22200948265553
0.00153572909926103,0.00153541354873245,0.969029896070236,5.13745866379509,7.93250770863498
0.010521854188947,0.00602987896839907,0.965995054886869,5.24978131467402,7.76360953153463
0.0152050184642945,0.00636102332861326,0.965352634628496,4.5371602439966,6.5325008597819
0.00641328190471758,0.00286581124144869,1.03686928159245,3.82005892826169,6.02979794653485
0.00619654426322865,0.00359660484925646,0.937516607328673,5.02826753585096,6.24671492838653
0.00783145387620567,0.00559124336362246,0.886361110431677,4.89246831940494,7.40516556609774
0.00239186478051093,0.00625375321411592,1.01268611361613,5.05117208593532,8.32645539773049
0.00139686518819511,0.00715154912030111,1.02079796566962,5.29419507968551,8.99458639343622
0.000741314801637589,0.0013410215333173,1.00966792677528,5.30549005346684,8.43107372810239
0.000660437538385962,0.00610793819906409,1.04245971614223,4.74087838081023,7.06606626868354
0.0123544975270724,0.00922109248789624,0.998116545548712,4.41529363710748,7.3487582485426
0.00295055417465926,0.00763549501164909,1.02169940363513,4.74356909469889,8.11516158648318
0.00421142954835681,0.000240064816379002,1.0614214896019,5.376794656517,9.09003125450125
0.0021027319149504,0.00072048427735055,1.02449051041627,5.49294367214268,8.86735071211649
0.0182910269456991,0.000326479771470995,1.04791104849312,5.16603986306079,8.60458991390249
4.36394286318475e-05,0.00104238343688218,1.05712128214724,5.40279509024861,8.79891541197492
0.00285690555710988,0.000719606340574959,1.147669157057,4.76466745826182,9.11602460609345
0.000257142923096182,0.00819177962811547,1.16303093820787,5.0495341380411,9.15420066139257
0.000217757013736464,0.00879717900209342,1.13954117779768,5.00762030153548,9.47340298262447
0.0023628752126264,0.00162194312194164,1.17130503346629,4.98187900005852,9.44743269779741
0.0169873361544776,0.000865884960099657,1.10937786170986,5.78713795772766,9.31299911089181
0.00784187857306591,0.00284134045462918,0.951375623840488,6.2879373016489,9.1089770379377
0.00213292309732853,0.00488112552895804,0.948804797488961,5.24470411028725,7.06154496353902
0.00448134186806229,0.00793282909748968,0.929082554031418,5.29819956013645,8.22956715189703
0.00798095986685696,0.00432103767907406,0.942672287214824,5.66909543406568,8.14859994148495
0.0100154728877293,0.00352150796495016,0.99140221282164,4.97334078348809,8.11996698096986
0.0100081925502641,0.00275227728038152,0.99544761351978,5.32494383583413,7.93339824556964
0.00342139626432163,0.00310093927046545,1.01365065747066,5.30223671718137,9.84137452365681
0.000770679929309951,0.000958962191248882,1.07317270630022,5.21454267617848,9.40011590729803
0.0042385398993823,0.00299565567332943,1.08228527404446,5.26814226285855,9.93911233391949
0.0164478896062621,0.00220881387952359,1.09565758536953,5.95363657380617,10.8173985838551
0.0139751665006336,0.00208764912841186,1.16814367642575,6.03574921837239,12.1654656125359
0.0232155978758344,0.00164407963033634,1.17455291436399,6.04748613043508,10.3678914246742
0.0146435761855355,0.000469779597189075,1.13015714779826,5.28635572787194,9.62377041720033
0.00529441629230641,0.00020264074108792,1.13649043769905,5.28472150076,9.87417025493637
0.00518427806200707,0.000397950276313226,1.07069613898264,5.29476731712022,10.0936865279196
0.0079874571432597,0.000100317471120804,1.02768576352017,6.65838766562776,10.7844175641636
0.00852363378846176,0.00204097126877166,1.01200013479719,6.20809088669741,9.87971167301073
0.00849415856669588,0.00187418989206089,0.992152512859272,6.02948657141957,9.4153866575776
0.00294868112767372,0.00230135694614629,0.9576776724881,6.21146611588034,8.51474149699568
0.0166760295730016,0.000887767457316273,0.932370481629456,5.86533034218434,8.8916402194431
0.0207692827134398,0.000586489478563034,0.950435824796736,5.88790105863433,8.65819700418654
0.0286432958072394,0.000979718306058149,0.965866218278429,5.16379751845221,7.48671531195435
0.0173605599996342,0.00134848495203028,1.01292836379429,4.96837795547168,7.23489629274848
0.011740994116449,0.00106922294600287,0.88113555987378,5.29986293701293,7.11773524184394
0.0242857716148641,0.00683089292342296,1.02334752696525,5.25306975368319,8.63587723749372
0.0386514759004341,0.00507786636587421,1.04296833730084,5.22184449962249,8.16617621488552
0.0117628319531681,0.00309128308954366,1.02095026766663,5.24120928330286,8.24631399808134
0.0284805122486945,0.00419304839545138,0.983142754079683,5.62890605275749,8.22447553752154
0.00849816835293273,0.00737844536019783,0.920607697554967,5.60591835440736,8.5481907719297
0.0143403775140407,0.00847169987674043,1.02636874656307,5.5385727880422,9.51679271911435
0.011803632734943,0.00356396484202224,1.00340841641039,5.40074471419171,7.94473873670377
0.0110126596989384,0.00680197656134004,0.908567242355675,5.56983153690577,7.89853166728445
0.0149001050232811,0.0014401554573408,0.976424896799847,4.90227401588105,7.10228488360918
0.0148292996889544,0.00334007873986822,0.955664865708005,4.80089355219149,7.45157208176716
0.0166285503311091,0.00179462889797554,1.02413219854545,5.28723617826066,8.85736172696014
0.00623206008945539,0.00946002201573298,0.966813441722958,5.45384573131236,7.39273726361242
0.0048826181588205,0.00310482970223711,0.962127695596734,5.03136836979906,8.35200114191165
0.00985269849236773,0.000127257661938291,1.0568901110536,4.9954916201769,8.21662532894891
0.0165101027602388,0.0019133455775675,0.993660005900338,5.0919830176164,8.15442913428899
0.0163436486999896,0.00235277594521684,1.05327165241356,4.82535690196087,8.21254124732707
0.00152230160898311,0.00567016911216064,1.05973949328068,5.49264202417103,8.76553631325271
0.00250348563305745,0.00494336750517223,0.988547825468737,5.36126216234245,8.81958002464864
0.0028776196466644,0.00742865464527584,1.00219524789605,5.57388783398621,9.26322344814446
0.000379746331900326,0.000852100444572014,0.96696539040595,6.22506742971069,10.2457495106665
0.00061217462000677,0.00745373513729547,0.99803278170656,6.07824826639221,9.56649282651972
0.00497713085151193,0.00652777676745902,0.99787204344492,5.78626988435239,8.89923291660864
0.000310590310702816,0.000386240444139843,0.952862660354982,5.60813611073495,7.95554827595052
0.00284397658690931,0.00695330622228957,1.01440068971643,5.66062958518118,8.12057282681499
0.00697800932272194,0.00326505681752734,0.965996082760858,4.74326771618208,6.73170845116411
0.00485999206574531,0.00320249107050021,0.939959820824667,4.62109386976582,6.78669349711198
0.00670358616702814,0.00219473961965085,0.975003497120244,4.51595213922182,7.79639832740252
0.0144593419922104,0.00724482906830363,1.19933784138809,4.10881512379706,8.56087292222757
0.0111266667706589,0.0053529478854853,1.18192122705301,4.74333145842388,8.83568894867305
0.00911090102087631,0.0040205916134279,1.05464533308599,5.12688869645651,9.23738480076494
0.00716162978837989,0.000428547046017136,1.1387238589491,5.11498080741446,9.53767013110751
0.00512771829293712,0.00091028113350416,1.10542550421913,5.54833080258983,9.94245080490196
0.00449185928974117,0.000588857503848816,1.03428800834258,5.90879614965822,9.61871908305743
0.00237060245395715,0.000833933608335317,1.01681792865914,5.80732665279718,9.88659462475748
0.00368942096779614,0.00131293657877924,1.07968112221659,5.56278103565635,9.89378278496274
0.00394999482011981,0.00124527327838963,1.08286150685251,5.65443936128938,10.4803083846678
0.0147025063228892,0.00129870193626691,1.04954312564218,6.35667698968971,10.4953621907958
0.00986978228927543,0.00172612047263702,1.04040680104778,6.5373331319897,10.0960036143014
0.00965464857720146,0.000371296884377755,0.917519355063465,6.31315038142564,10.1981910280236
0.00487341174344393,0.000299775791010407,0.923014859306765,5.84551742136316,9.55267968557824
0.00598308523141368,0.000612078268219622,1.09155580928301,5.45790837670097,9.55321711458315
0.00594339186886392,0.00217137577287021,1.12223207873912,4.74893755691574,8.8624047153687
0.001589522416849,2.8454616934376e-05,0.995895618382875,5.69520981207006,9.42528648335132
0.00463132230915373,0.000254069362363863,1.04102729441131,5.77577047258912,8.98524930058623
0.000685013879076216,0.000243234019298826,0.969352392600964,5.41740066726459,9.40455087773147
0.00347890957528721,0.000396273964699051,1.07531920854249,5.29977290966315,8.45752382459751
0.000445480442167707,0.000279499220941401,0.99332730533814,5.59772909670835,7.62230686791873
0.00464923641755825,0.000528945926445847,0.942044308492276,5.0671219766283,7.14021009338055
0.00132296267429358,0.000195821357812133,0.905519327856493,4.78977055424318,7.16535389429276
0.00397730539108561,0.00083195493134294,0.904454437090199,5.31169129158795,7.2590236338446
0.00589379639646517,0.00075237839805062,0.910742135077862,5.12997769467026,7.58765577367824
0.00269614916851376,0.00121042793950911,0.910124347160618,5.35878886974533,7.88129710043954
0.00379273240064232,0.0015390592441838,1.04679738016524,4.30762986925547,7.27297787006187
0.00782360633427096,0.001342152171636,1.12411339761646,4.09056642320392,7.89770945917057
0.00816303153254649,0.000890781087693757,1.13327944464284,5.0045087013339,10.4738156503177
0.0107590725996916,0.00910979779609557,1.24018013843324,5.11430881586311,9.82401849433022
0.0243865518487405,0.00952806339584156,1.12382758518669,5.98641436073731,10.7939290158561
0.01856804995449,0.0057370130093232,1.16823896328799,5.65081804682709,11.0515763845403
0.00490956187980176,0.00487689771729663,1.1201756613272,6.16510429311246,10.3396227468844
0.0107396377749006,0.00430423457262577,1.13296268819344,6.25810967440419,11.1516878872287
0.0299586186926479,0.00432384707941126,1.18244136122487,5.62158402203284,11.940234905073
0.0192647937760061,0.00448317081998098,1.35820381383552,5.3013403877493,11.9284869243499
0.0167829386631371,0.00353714804734285,1.33599081163435,4.95502029530406,11.6466999235205
0.0147892246892098,0.00252667535505064,1.36053409113514,5.44702893899456,11.4837241607826
0.00784401219044896,0.0119027157472733,1.13531641716725,6.53022057524584,12.0150594916191
0.00431929123496751,0.0082760272566566,0.991587665710882,7.85447057668192,12.6976497964371
0.00403852751084861,0.00478491914891868,1.01332411423388,7.37725107377467,10.0692643455132
0.00449086858681185,0.00243611105312724,0.85898754722674,6.79749736748226,8.32743104122538
0.00275210236512698,0.000445174618870836,0.893090346821842,5.28012448967956,8.41035602166277
0.00207035140606366,0.00319045306841084,1.12426297791063,4.80086453306099,8.19258898514282
0.00174289953953412,0.00134696189710416,1.0631322140698,4.90743978438509,8.68530398675888
0.00142928531283086,0.00214575110390422,1.05453020691537,4.96327071891158,8.17689631854831
0.00876897696179357,0.00105879890490638,0.906684706661399,5.37547773796126,8.18777484655096
0.00420314535526093,0.00169374471043824,1.03744314552681,5.14012210651293,8.98091860416993
0.00239110549698313,0.00170294238365057,1.03543688542519,4.97631664427537,9.15067860628946
0.00870590022318885,0.000292761405871426,1.06336685996811,5.06769598361644,8.2799568116246
0.000661427793119755,0.00173193788445034,1.01493546208675,5.03337929600458,8.41370529663285
0.00449149222755723,0.00333437408888584,1.07489998035032,4.81803244085343,8.3720346433623
0.00183278239072037,0.00874203620489019,1.09042323806891,4.87052539622431,8.92039206279189
0.000668632881943596,0.00151461741376606,1.16414160521338,4.80384062907687,9.43443872271784
0.00266431334190958,0.00346126172755125,1.1569348320608,4.76393450640003,9.09807469141417
0.00633037197518617,0.00334536633714157,1.10171089267762,5.41629185650359,9.4157178143209
0.00365133915567739,0.00300267517638517,1.02406564524646,5.31923432836864,10.0327447519807
0.00430655945983163,0.00444196897368154,1.04761029444988,5.63374999726746,9.82335691337307
0.009309232887853,0.000810525628896137,1.12240466508238,5.10884933570036,9.34173005094585
0.00629738893603252,0.00469638422626433,1.11278122507539,5.09168741456801,9.17836369494441
0.00703462430736334,0.0035390362870448,1.07367679724509,5.46970731975147,9.71140558938029
0.00804828947684119,0.00498255044726359,1.01628605642332,6.08508185425839,10.0246488548769
0.00193487562476527,0.00508209517083651,1.033062076677,5.71882121766052,9.71100302333477
0.00125718837979517,0.00216676373037361,1.04302944911371,5.5256778743404,9.43079211427864
0.00464634109534932,0.0010800188393382,1.04876950862332,5.557402714743,9.27425364991684
0.00557566601855749,0.000703798239503857,1.03225605482682,5.27923993208278,8.41741935168427
0.0133201643284462,0.00101852666282078,1.02132851764259,5.05480766599831,8.6562970492387
0.000701542434452638,0.00333544411691333,1.02668947761633,5.61176180071961,8.46902609894553
0.018474184608644,0.000445588239559573,1.00261390726316,5.77742686047592,9.77907952571789
0.0135815719171221,0.0020628464579911,1.06373021925182,5.72873652838798,8.82518673756661
